{
  "type": "unique",
  "max_y": 64,
  "min_y": -16,
  "seed": 5852,
  "size": 30,
  "elevation": {
    "type": "Map",
    "max": {
      "type": "Const",
      "value": 0.7
    },
    "min": {
      "type": "Const",
      "value": 0.3
    },
    "source": {
      "interpolation": "CURVE3",
      "type": "Simplex",
      "frequency": 0.005,
      "gain": 0.5,
      "lacunarity": 2,
      "octaves": 2,
      "seed": 5850
    }
  },
  "floor": {
    "type": "Map",
    "max": {
      "type": "Const",
      "value": 1
    },
    "min": {
      "type": "Const",
      "value": 0
    },
    "source": {
      "type": "Clamp",
      "max": {
        "type": "Const",
        "value": 0.3
      },
      "min": {
        "type": "Const",
        "value": 0
      },
      "source": {
        "interpolation": "CURVE3",
        "type": "Simplex",
        "frequency": 0.02,
        "gain": 0.5,
        "lacunarity": 2,
        "octaves": 2,
        "seed": 5852
      }
    }
  },
  "shape": {
    "type": "Map",
    "max": {
      "type": "Const",
      "value": 1
    },
    "min": {
      "type": "Const",
      "value": 0
    },
    "source": {
      "type": "Clamp",
      "max": {
        "type": "Const",
        "value": 1
      },
      "min": {
        "type": "Const",
        "value": 0.75
      },
      "source": {
        "type": "Invert",
        "source": {
          "type": "Scale",
          "scale": {
            "type": "Const",
            "value": 2
          },
          "source": {
            "type": "Abs",
            "source": {
              "type": "Bias",
              "bias": {
                "type": "Const",
                "value": 0
              },
              "source": {
                "interpolation": "CURVE3",
                "type": "Simplex",
                "frequency": 0.004,
                "gain": 0.5,
                "lacunarity": 2,
                "octaves": 3,
                "seed": 5851
              }
            }
          }
        }
      }
    }
  }
}